{
   "vertices": [[-0.6000000238418579, 0.0, 0.6000000238418579, 1.0], [0.0, 0.0, 1.0, 1.0], [1.0, 0.0, 1.0, 1.0], [1.0, 0.0, 0.0, 1.0], [1.0, 0.0, -1.0, 1.0], [0.0, 0.0, -1.0, 1.0], [-1.0, 0.0, -1.0, 1.0], [-1.0, 0.0, 0.0, 1.0], [-1.0, 0.0, 1.0, 1.0], [-1.0, 0.0, 1.0, 1.0], [1.0, 0.0, 1.0, 1.0], [1.0, 2.0, 1.0, 1.0], [-1.0, 2.0, 1.0, 1.0], [-1.0, 2.0, -1.0, 1.0], [-1.0, 0.0, -1.0, 1.0]],
   "colors": [[0.125, 0.6299999952316284, 0.0, 0.20000000298023225], [0.125, 0.6299999952316284, 0.0, 0.20000000298023225], [0.125, 0.6299999952316284, 0.0, 0.20000000298023225], [0.125, 0.6299999952316284, 0.0, 0.6000000238418579], [0.125, 0.6299999952316284, 0.0, 1.0], [0.125, 0.6299999952316284, 0.0, 0.6000000238418579], [0.125, 0.6299999952316284, 0.0, 0.20000000298023225], [0.125, 0.6299999952316284, 0.0, 0.20000000298023225], [0.125, 0.6299999952316284, 0.0, 0.20000000298023225], [0.0, 1.0, 0.0, 1.0], [0.0, 1.0, 0.0, 1.0], [0.0, 1.0, 0.0, 1.0], [0.0, 1.0, 0.0, 1.0], [0.0, 1.0, 0.0, 1.0], [0.0, 1.0, 0.0, 1.0]],
   "normals": [[0.0, 1.0, 0.0, 0.0], [0.0, 1.0, 0.0, 0.0], [0.0, 1.0, 0.0, 0.0], [0.0, 1.0, 0.0, 0.0], [0.0, 1.0, 0.0, 0.0], [0.0, 1.0, 0.0, 0.0], [0.0, 1.0, 0.0, 0.0], [0.0, 1.0, 0.0, 0.0], [0.0, 1.0, 0.0, 0.0], [1.0, 1.0, 1.0, 0.0], [1.0, 0.0, 0.0, 0.0], [1.0, 0.0, 0.0, 0.0], [1.0, 0.0, 0.0, 0.0], [1.0, 0.0, 0.0, 0.0], [1.0, 0.0, 0.0, 0.0]],
   "indices": [0, 1, 2, 3, 4, 5, 6, 7, 8, 1, -1, -1, -1, -1, -1, -1, -1, -1, -1, -1, -1, -1, 9, 14, 13, 12, 11, 10, -1, -1, -1, -1],
   "renderType": 6
}