{
   "name": "swing 3",
   "next": "swing 3 recoil",
   "stance": "base",
   "length": 1.0,
   "keyframes": [{
         "time": 0.0,
         "bones": {
            "character.Attachment": {
               "position": [0.0, 0.0, -0.0]
            },
            "character.Shoulders": {
               "position": [-8.380000114440918, 0.05999999865889549, 7.949999809265137],
               "rotation": [79.33999633789063, -15.6899995803833, 0.0]
            },
            "character.Head": {
               "position": [0.0, 4.289999961853027, -0.2800000011920929],
               "rotation": [-7.130000114440918, 0.0, 0.0]
            },
            "character.Hips": {
               "position": [0.0, 1.5, 2.0999999046325685],
               "rotation": [3.799999952316284, -0.0, 0.0]
            },
            "greatmace.Mace": {
               "position": [0.0, 11.539999961853028, 0.0],
               "rotation": [0.0, -0.0, -0.03999999910593033]
            },
            "character.Left Hand": {
               "position": [0.6700000166893005, -1.4800000190734864, 0.0]
            },
            "character.Right Hand": {
               "position": [0.47999998927116396, 1.9199999570846558, 0.7200000286102295]
            },
            "character.Spine": {
               "position": [0.0, 0.0, 3.569999933242798],
               "rotation": [11.09000015258789, 0.0, 0.0]
            },
            "character.Torso": {
               "rotation": [0.0, 16.40999984741211, 0.0]
            }
         }
      }, {
         "time": 0.14,
         "bones": {
            "character.Attachment": {
               "position": [0.0, 0.0, -0.0]
            },
            "character.Shoulders": {
               "position": [-8.380000114440918, 0.05999999865889549, 7.949999809265137],
               "rotation": [79.33999633789063, -15.6899995803833, 0.0]
            },
            "character.Head": {
               "position": [0.0, 4.329999923706055, -0.38999998569488528],
               "rotation": [-8.029999732971192, 0.0, 0.0]
            },
            "character.Hips": {
               "position": [0.0, 1.5, 2.0999999046325685],
               "rotation": [3.799999952316284, -0.0, 0.0]
            },
            "greatmace.Mace": {
               "position": [0.0, 11.539999961853028, 0.0],
               "rotation": [0.0, -0.0, -0.03999999910593033]
            },
            "character.Left Hand": {
               "position": [0.6700000166893005, -1.4800000190734864, 0.0]
            },
            "character.Right Hand": {
               "position": [0.47999998927116396, 1.9199999570846558, 0.7200000286102295]
            },
            "character.Spine": {
               "position": [0.0, 0.0, 3.569999933242798],
               "rotation": [11.09000015258789, 0.0, 0.0]
            },
            "character.Torso": {
               "rotation": [0.0, 16.40999984741211, 0.0]
            }
         }
      }, {
         "time": 0.43,
         "bones": {
            "character.Attachment": {
               "position": [0.0, 0.0, -0.0]
            },
            "character.Shoulders": {
               "position": [-8.380000114440918, 0.05999999865889549, 7.949999809265137],
               "rotation": [79.33999633789063, -15.6899995803833, 0.0]
            },
            "character.Head": {
               "position": [0.0, 4.329999923706055, -0.38999998569488528],
               "rotation": [-8.029999732971192, 0.0, 0.0]
            },
            "character.Hips": {
               "position": [0.0, 1.5, 2.0],
               "rotation": [3.490000009536743, -0.0, 0.0]
            },
            "greatmace.Mace": {
               "position": [0.0, 11.539999961853028, 0.0],
               "rotation": [0.0, -0.0, -0.03999999910593033]
            },
            "character.Left Hand": {
               "position": [0.6700000166893005, -1.4800000190734864, 0.0]
            },
            "character.Right Hand": {
               "position": [0.38999998569488528, 1.7599999904632569, 0.7400000095367432]
            },
            "character.Spine": {
               "position": [0.0, 0.0, 3.569999933242798],
               "rotation": [11.09000015258789, 0.0, 0.0]
            },
            "character.Torso": {
               "rotation": [0.0, 16.40999984741211, 0.0]
            }
         }
      }, {
         "time": 0.54,
         "bones": {
            "character.Attachment": {
               "position": [0.0, 0.0, -0.0]
            },
            "character.Shoulders": {
               "position": [-8.380000114440918, 0.4399999976158142, 7.949999809265137],
               "rotation": [81.87000274658203, -15.6899995803833, 0.0]
            },
            "character.Head": {
               "position": [0.0, 4.329999923706055, -0.38999998569488528],
               "rotation": [-8.029999732971192, 0.0, 0.0]
            },
            "character.Hips": {
               "position": [0.0, 1.5, 1.9900000095367432],
               "rotation": [3.4800000190734865, -0.0, 0.0]
            },
            "greatmace.Mace": {
               "position": [0.0, 11.539999961853028, 0.0],
               "rotation": [0.0, -0.0, -0.03999999910593033]
            },
            "character.Left Hand": {
               "position": [0.6700000166893005, -1.4800000190734864, 0.0]
            },
            "character.Right Hand": {
               "position": [0.38999998569488528, 1.7599999904632569, 0.7400000095367432]
            },
            "character.Spine": {
               "position": [0.0, 0.0, 3.569999933242798],
               "rotation": [11.09000015258789, 0.0, 0.0]
            },
            "character.Torso": {
               "rotation": [0.0, 16.40999984741211, 0.0]
            }
         }
      }, {
         "time": 0.61,
         "bones": {
            "character.Attachment": {
               "position": [0.0, 0.0, -0.0]
            },
            "character.Shoulders": {
               "position": [-8.380000114440918, 4.059999942779541, 4.25],
               "rotation": [95.54000091552735, -15.6899995803833, 0.0]
            },
            "character.Head": {
               "position": [0.0, 4.329999923706055, -0.38999998569488528],
               "rotation": [-8.029999732971192, 0.0, 0.0]
            },
            "character.Hips": {
               "position": [0.0, 1.5, 1.9299999475479127],
               "rotation": [3.2899999618530275, -0.0, 0.0]
            },
            "greatmace.Mace": {
               "position": [0.0, 11.539999961853028, 0.0],
               "rotation": [0.0, -0.0, -0.03999999910593033]
            },
            "character.Left Hand": {
               "position": [0.6700000166893005, -1.4800000190734864, 0.0]
            },
            "character.Right Hand": {
               "position": [0.3400000035762787, 1.659999966621399, 0.75]
            },
            "character.Spine": {
               "position": [0.0, 0.0, 3.569999933242798],
               "rotation": [11.09000015258789, 0.0, 0.0]
            },
            "character.Torso": {
               "rotation": [0.0, 16.40999984741211, 0.0]
            }
         }
      }, {
         "time": 0.67,
         "bones": {
            "character.Attachment": {
               "position": [0.0, 0.0, -0.0]
            },
            "character.Shoulders": {
               "position": [-7.349999904632568, 3.2899999618530275, 6.889999866485596],
               "rotation": [1.8200000524520875, -0.36000001430511477, 0.019999999552965165]
            },
            "character.Head": {
               "position": [0.0, 4.010000228881836, 0.5799999833106995],
               "rotation": [-0.18000000715255738, 0.0, 0.0]
            },
            "character.Hips": {
               "position": [0.0, 1.5, 0.8299999833106995],
               "rotation": [0.09000000357627869, -0.0, 0.0]
            },
            "greatmace.Mace": {
               "position": [0.0, 11.539999961853028, 0.0],