{
   "name": "swing 2",
   "next": "swing 2 recoil",
   "stance": "base",
   "length": 0.9,
   "keyframes": [{
         "time": 0.0,
         "bones": {
            "character.Attachment": {
               "position": [0.0, 0.0, -0.0]
            },
            "character.Shoulders": {
               "position": [-8.380000114440918, 2.180000066757202, 2.5],
               "rotation": [70.77999877929688, -53.90999984741211, 0.0]
            },
            "character.Head": {
               "position": [0.0, 4.860000133514404, -2.0],
               "rotation": [-21.09000015258789, 0.0, 0.0]
            },
            "character.Hips": {
               "position": [0.0, 1.5, 2.0999999046325685],
               "rotation": [3.799999952316284, -0.0, 0.0]
            },
            "greatmace.Mace": {
               "position": [0.0, 11.539999961853028, 0.0],
               "rotation": [0.0, -0.0, -0.03999999910593033]
            },
            "character.Left Hand": {
               "position": [0.6700000166893005, -1.4800000190734864, 0.0]
            },
            "character.Right Hand": {
               "position": [0.47999998927116396, 1.9199999570846558, 0.7200000286102295]
            },
            "character.Spine": {
               "position": [0.0, 0.0, 6.119999885559082],
               "rotation": [24.219999313354493, 0.0, 0.0]
            },
            "character.Torso": {
               "rotation": [0.0, 46.09000015258789, 0.0]
            }
         }
      }, {
         "time": 0.45,
         "bones": {
            "character.Attachment": {
               "position": [0.0, 0.0, -0.0]
            },
            "character.Shoulders": {
               "position": [-8.380000114440918, 2.180000066757202, 2.5],
               "rotation": [70.77999877929688, -53.90999984741211, 0.0]
            },
            "character.Head": {
               "position": [0.0, 4.860000133514404, -2.0],
               "rotation": [-21.09000015258789, 0.0, 0.0]
            },
            "character.Hips": {
               "position": [0.0, 1.5, 2.0999999046325685],
               "rotation": [3.799999952316284, -0.0, 0.0]
            },
            "greatmace.Mace": {
               "position": [0.0, 11.539999961853028, 0.0],
               "rotation": [0.0, -0.0, -0.03999999910593033]
            },
            "character.Left Hand": {
               "position": [0.6700000166893005, -1.4800000190734864, 0.0]
            },
            "character.Right Hand": {
               "position": [0.47999998927116396, 1.9199999570846558, 0.7200000286102295]
            },
            "character.Spine": {
               "position": [0.0, 0.0, 6.119999885559082],
               "rotation": [24.219999313354493, 0.0, 0.0]
            },
            "character.Torso": {
               "rotation": [0.0, 46.09000015258789, 0.0]
            }
         }
      }, {
         "time": 0.6,
         "bones": {
            "character.Attachment": {
               "position": [0.0, 0.0, -0.0]
            },
            "character.Shoulders": {
               "position": [-8.380000114440918, 0.3799999952316284, 0.4000000059604645],
               "rotation": [70.77999877929688, -24.309999465942384, 0.0]
            },
            "character.Head": {
               "position": [0.0, 4.860000133514404, -2.0],
               "rotation": [-12.1899995803833, 0.0, 0.0]
            },
            "character.Hips": {
               "position": [0.0, 1.5, 2.0999999046325685],
               "rotation": [3.799999952316284, -0.0, 0.0]
            },
            "greatmace.Mace": {
               "position": [0.0, 11.539999961853028, 0.0],
               "rotation": [0.0, -0.0, -0.03999999910593033]
            },
            "character.Left Hand": {
               "position": [0.6700000166893005, -1.4800000190734864, 0.0]
            },
            "character.Right Hand": {
               "position": [0.47999998927116396, 1.9199999570846558, 0.7200000286102295]
            },
            "character.Spine": {
               "position": [0.0, 0.0, 2.819999933242798],
               "rotation": [12.020000457763672, 0.0, 0.0]
            },
            "character.Torso": {
               "rotation": [0.0, 17.59000015258789, 0.0]
            }
         }
      }, {
         "time": 0.69,
         "bones": {
            "character.Attachment": {
               "position": [0.0, 0.0, -0.0]
            },
            "character.Shoulders": {
               "position": [-8.380000114440918, -1.0199999809265137, -0.30000001192092898],
               "rotation": [85.9800033569336, 4.289999961853027, 0.0]
            },
            "character.Hips": {
               "position": [0.0, 1.5, 2.0999999046325685],
               "rotation": [3.799999952316284, -0.0, 0.0]
            },
            "greatmace.Mace": {
               "position": [0.0, 11.539999961853028, 0.0],
               "rotation": [0.0, -0.0, -0.03999999910593033]
            },
            "character.Left Hand": {
               "position": [0.6700000166893005, -1.4800000190734864, 0.0]
            },
            "character.Right Hand": {
               "position": [0.47999998927116396, 1.9199999570846558, 0.7200000286102295]
            },
            "character.Torso": {
               "rotation": [0.0, -6.599999904632568, 0.0]
            }
         }
      }, {
         "time": 0.85,
         "bones": {
            "character.Attachment": {
               "position": [0.0, 0.0, -0.0]
            },
            "character.Shoulders": {
               "position": [-8.380000114440918, -1.0199999809265137, -0.30000001192092898],
               "rotation": [85.9800033569336, 4.289999961853027, 0.0]
            },
            "character.Hips": {
               "position": [0.0, 1.5, 2.0999999046325685],
               "rotation": [3.799999952316284, -0.0, 0.0]
            },
            "greatmace.Mace": {
               "position": [0.0, 11.539999961853028, 0.0],
               "rotation": [0.0, -0.0, -0.03999999910593033]
            },
            "character.Left Hand": {
               "position": [0.6700000166893005, -1.4800000190734864, 0.0]
            },
            "character.Right Hand": {
               "position": [0.47999998927116396, 1.9199999570846558, 0.7200000286102295]
            },
            "character.Spine": {
               "position": [0.0, 0.0, 0.25],
               "rotation": [1.0099999904632569, 0.0, 0.0]
            },
            "character.Torso": {
               "rotation": [0.0, -6.599999904632568, 0.0]
            }
         }
      }, {
         "time": 0.89,
         "bones": {
            "character.Attachment": {
               "position": [0.0, 0.0, -0.0]
            },
            "character.Shoulders": {
               "position": [-8.380000114440918, 0.05999999865889549, 7.949999809265137],
               "rotation": [79.33999633789063, -15.6899995803833, 0.0]
            },
            "character.Head": {
               "position": [0.0, 4.289999961853027, -0.2800000011920929],
               "rotation": [-7.130000114440918, 0.0, 0.0]
            },
            "character.Hips": {
               "position": [0.0, 1.5, 2.0999999046325685],
               "rotation": [3.799999952316284, -0.0, 0.0]
            },
            "greatmace.Mace": {
               "position": [0.0, 11.539999961853028, 0.0],
               "rotation": [0.0, -0.0, -0.03999999910593033]
            },
            "character.Left Hand": {
               "position": [0.6700000166893005, -1.4800000190734864, 0.0]
            },
            "character.Right Hand": {
               "position": [0.47999998927116396, 1.9199999570846558, 0.7200000286102295]
            },
            "character.Spine": {
               "position": [0.0, 0.0, 3.569999933242798],
               "rotation": [11.09000015258789, 0.0, 0.0]
            },