{
   "name": "swing 1",
   "next": "swing 1 recoil",
   "stance": "base",
   "length": 0.7,
   "keyframes": [{
         "time": 0.0,
         "bones": {
            "character.Attachment": {
               "position": [0.0, 0.0, -0.0]
            },
            "character.Shoulders": {
               "position": [-6.0, 3.369999885559082, 2.7699999809265138],
               "rotation": [0.0, 0.0, 15.779999732971192]
            },
            "character.Left Hand": {
               "position": [0.6700000166893005, -1.4800000190734864, 0.0]
            },
            "greatmace.Mace": {
               "position": [0.0, 11.539999961853028, 0.0],
               "rotation": [0.0, -0.0, -0.03999999910593033]
            },
            "character.Right Hand": {
               "position": [-0.550000011920929, 0.0, 0.949999988079071]
            }
         }
      }, {
         "time": 0.05,
         "bones": {
            "character.Attachment": {
               "position": [0.0, 0.0, -0.0]
            },
            "character.Shoulders": {
               "position": [-6.449999809265137, 0.7900000214576721, -1.3300000429153443],
               "rotation": [-42.84000015258789, 19.280000686645509, 6.800000190734863]
            },
            "character.Head": {
               "position": [0.0, 4.039999961853027, -0.07999999821186066],
               "rotation": [-0.03999999910593033, 0.0, 0.0]
            },
            "greatmace.Mace": {
               "position": [0.0, 11.539999961853028, 0.0],
               "rotation": [0.0, -0.0, -0.03999999910593033]
            },
            "character.Left Hand": {
               "position": [0.6700000166893005, -1.4800000190734864, -0.0],
               "rotation": [-0.0, 0.0, -0.0]
            },
            "character.Right Hand": {
               "position": [-0.550000011920929, -0.0, 0.949999988079071],
               "rotation": [-0.0, 0.0, -0.0]
            },
            "character.Left Leg": {
               "rotation": [0.6899999976158142, 0.0, 0.0]
            },
            "character.Hips": {
               "rotation": [-0.0, 0.0, 0.0]
            },
            "character.Right Foot": {
               "rotation": [-0.0, 0.0, 0.0]
            },
            "character.Right Leg": {
               "rotation": [-2.25, 0.0, 0.0]
            },
            "character.Spine": {
               "rotation": [-0.7599999904632568, 0.0, 0.0]
            },
            "character.Torso": {
               "rotation": [0.0, -24.84000015258789, 0.0]
            }
         }
      }, {
         "time": 0.1,
         "bones": {
            "character.Attachment": {
               "position": [0.0, 0.0, -0.0]
            },
            "character.Shoulders": {
               "position": [-9.489999771118164, 1.0099999904632569, -3.930000066757202],
               "rotation": [-83.12999725341797, 38.439998626708987, 0.0]
            },
            "character.Hair": {
               "position": [0.0, 0.0, -0.0]
            },
            "character.Head": {
               "position": [0.0, 4.090000152587891, -0.1599999964237213],
               "rotation": [-0.07000000029802323, 0.0, 0.0]
            },
            "greatmace.Mace": {
               "position": [0.0, 11.539999961853028, 0.0],
               "rotation": [0.0, -0.0, -0.03999999910593033]
            },
            "character.Right Foot": {
               "position": [0.0, -5.5, -0.0]
            },
            "character.Left Foot": {
               "position": [-0.0, -5.5, 0.0]
            },
            "character.Right Hand": {
               "position": [-0.550000011920929, 0.0, 0.949999988079071],
               "rotation": [-0.0, 0.0, -0.0]
            },
            "character.Left Hand": {
               "position": [0.6700000166893005, -1.4800000190734864, -0.0],
               "rotation": [-0.0, 0.0, -0.0]
            },
            "character.Left Leg": {
               "rotation": [1.340000033378601, 0.0, 0.0]
            },
            "character.Hips": {
               "rotation": [-0.0, 0.0, 0.0]
            },
            "character.Right Leg": {
               "rotation": [-4.449999809265137, 0.0, 0.0]
            },
            "character.Spine": {
               "rotation": [-1.4900000095367432, 0.0, 0.0]
            },
            "character.Torso": {
               "rotation": [-0.25, -42.9900016784668, 2.140000104904175]
            }
         }
      }, {
         "time": 0.34,
         "bones": {
            "character.Attachment": {
               "position": [0.0, 0.0, -0.0]
            },
            "character.Shoulders": {
               "position": [-9.699999809265137, 6.059999942779541, -6.889999866485596],
               "rotation": [-84.80999755859375, 45.369998931884769, -1.3700000047683716]
            },
            "character.Hair": {
               "position": [0.0, 0.0, -0.0]
            },
            "character.Head": {
               "position": [0.0, 4.380000114440918, -0.5299999713897705],
               "rotation": [-0.25999999046325686, 0.0, 0.0]
            },
            "greatmace.Mace": {
               "position": [0.0, 11.539999961853028, 0.0],
               "rotation": [0.0, -0.0, -0.03999999910593033]
            },
            "character.Right Foot": {
               "position": [-0.0, -5.5, 0.0]
            },
            "character.Left Hand": {
               "position": [0.6700000166893005, -1.4800000190734864, -0.0],
               "rotation": [-0.0, 0.0, -0.0]
            },
            "character.Right Hand": {
               "position": [-0.550000011920929, 0.0, 0.949999988079071],
               "rotation": [-0.0, 0.0, -0.0]
            },
            "character.Left Leg": {
               "rotation": [4.730000019073486, 0.0, 0.0]
            },
            "character.Hips": {
               "rotation": [-0.0, 0.0, 0.0]
            },
            "character.Right Leg": {
               "rotation": [-16.75, 0.0, 0.0]
            },
            "character.Spine": {
               "rotation": [-5.349999904632568, 0.0, 0.0]
            },
            "character.Torso": {
               "rotation": [-1.559999942779541, -44.34000015258789, 2.819999933242798]
            }
         }
      }, {
         "time": 0.62,
         "bones": {
            "character.Attachment": {
               "position": [0.0, 0.0, -0.0]
            },
            "character.Shoulders": {
               "position": [-6.139999866485596, 8.649999618530274, -4.389999866485596],
               "rotation": [-84.69000244140625, 53.279998779296878, 0.0]
            },
            "character.Head": {
               "position": [0.0, 4.809999942779541, -0.8399999737739563],
               "rotation": [-0.47999998927116396, 0.0, 0.0]
            },
            "greatmace.Mace": {
               "position": [0.0, 11.539999961853028, 0.0],
               "rotation": [0.0, -0.0, -0.03999999910593033]
            },
            "character.Right Foot": {
               "position": [-0.0, -5.5, 0.0]
            },
            "character.Left Hand": {
               "position": [0.6700000166893005, -1.4800000190734864, 0.0],
               "rotation": [-0.0, 0.0, 0.0]
            },
            "character.Right Hand": {
               "position": [-0.550000011920929, 0.0, 0.949999988079071],
               "rotation": [-0.0, 0.0, 0.0]
            },
            "character.Left Leg": {
               "rotation": [8.59000015258789, 0.0, 0.0]
            },
            "character.Right Leg": {
               "rotation": [-30.309999465942384, 0.0, 0.0]
            },
            "character.Torso": {
               "rotation": [1.159999966621399, -45.86000061035156, 1.5700000524520875]
            },
            "character.Spine": {
               "rotation": [-9.720000267028809, 0.0, 0.0]
            }
         }
      }, {
         "time": 0.66,